<?xml version="1.0" encoding="UTF-8" ?>
<!DOCTYPE mapper PUBLIC "-//mybatis.org//DTD Mapper 3.0//EN" 
	"http://mybatis.org/dtd/mybatis-3-mapper.dtd">

<mapper namespace="com.ssafy.happyhouse.model.mapper.BoardMapper">

	<!-- 게시글 작성 -->
	<insert id="writePost" parameterType="boardDto">
		insert into board (writer, title, content, views, writeTime)
		values (#{writer}, #{title}, #{content}, 0, now())
	</insert>
	
	<!-- 게시판 목록 조회 
		* 오늘 올린 게시글이라면 작성일은 시간으료 표시
		  오늘이 아니라면 날짜로 표시
	-->
	<select id="selectBoard" parameterType="map" resultType="boardDto">
		select boardno, writer, title, content, views,
				case when date_format(writeTime, '%Y%m%d') = date_format(now(), '%Y%m%d')
				then date_format(writeTime, '%H:%i:%s')
				else date_format(writeTime, '%y.%m.%d')
				end writeTime
		from board
		 <if test="word != null and word != ''">
			<if test="key == 'title'">
				where title like concat('%', #{word}, '%')
			</if>
			<if test="key != 'title'">
				where ${key} = #{word}
			</if>
		</if>
		order by boardno desc
		limit #{start}, #{spp}
	</select>
	
	<!-- 전체 게시글 수 -->
	<select id="getTotalCount" parameterType="map" resultType="int">
		select count(boardno)
		from board
		<if test="word != null and word != ''">
			<if test="key == 'title'">
				where title like concat('%', #{word}, '%')
			</if>
			<if test="key != 'title'">
				where ${key} = #{word}
			</if>
		</if>
	</select>
	
	<!-- 게시글 상세 정보 -->
	<select id="getPost" parameterType="int" resultType="boardDto">
		select boardno, writer, title, content, views, writeTime
		from board
		where boardno = #{boardno}
	</select>
	
	<!-- 조회수 체크 -->
	<update id="updateViews" parameterType="int">
		update board
		set views = views + 1
		where boardno = #{boardno}
	</update>
	
	<!-- 게시글 수정 -->
	<update id="modifyPost" parameterType="boardDto">
		update board
		set title = #{title}, content = #{content}
		where boardno = #{boardno}
	</update>
	
	
	<!-- 게시글 삭제 -->
	<delete id="deleteBoard" parameterType="int">
		delete from board
		where boardno = #{boardno}
	</delete>
	
	<!-- 댓글 작성 -->
	<insert id="addReply" parameterType="commentDto">
		insert into comment (boardno, writer, content, writeTime) 
		values (#{boardno}, #{writer}, #{content}, now())
	</insert>
	
	<!-- 댓글 조회 -->
	<select id="selectComment" parameterType="int" resultType="commentDto">
		select distinct c.*
		from comment c, board b
		where c.boardno = #{b.boardno}
	</select>
	
	<!-- 댓글 삭제 -->
	<delete id="deleteComment" parameterType="int">
		delete from comment
		where commentno = #{commentno}
	</delete>
</mapper>
