<?xml version="1.0" encoding="UTF-8"?>
<!DOCTYPE mapper PUBLIC "-//mybatis.org//DTD Mapper 3.0//EN" 
	"http://mybatis.org/dtd/mybatis-3-mapper.dtd">

<mapper namespace="com.ssafy.happyhouse.model.mapper.QnaMapper">

	<select id="selectQna" parameterType="map"  resultType="qnaDto">
		select no, writer, title, content,
		case when date_format(regtime, '%Y%m%d') = date_format(now(), '%Y%m%d')
				then date_format(regtime, '%H:%i:%s')
				else date_format(regtime, '%y.%m.%d')
				end regtime
		from qna
		<if test="word != null and word != ''">
			<if test="key == 'title'">
				where title like concat('%', #{word}, '%')
			</if>
			<if test="key != 'title'">
				where ${key} = #{word}
			</if>
		</if>
		order by no desc
		limit #{start}, #{spp}
	</select>
	
	<select id="getTotalCount" parameterType="map" resultType="int">
		select count(no)
		from qna
		<if test="word != null and word != ''">
			<if test="key == 'title'">
				where title like concat('%', #{word}, '%')
			</if>
			<if test="key != 'title'">
				where ${key} = #{word}
			</if>
		</if>
	</select>
	
	<select id="getQna" parameterType="int" resultType="qnaDto">
		select *
		from qna
		where no =  #{no}
	</select>
	
	<insert id="writeQna" parameterType="qnaDto">
		insert into qna(writer, title, content, regtime)
		values(#{writer}, #{title}, #{content}, now())
	</insert>
	
	<delete id="deleteQna" parameterType="int">
		delete from qna
		where no = #{no}
	</delete>
	
	<insert id="addAnswer" parameterType="answerDto">
		insert into answer (qno, writer, content)
		values (#{qno}, #{writer}, #{content})
	</insert>
	
	<select id="selectAnswer" parameterType="int" resultType="answerDto">
		select distinct a.*
		from answer a, qna q
		where a.qno = #{q.no}
	</select>
	
	<delete id="deleteAnswer" parameterType="int">
		delete from answer
		where no = #{no}
	</delete>
</mapper>