<?xml version="1.0" encoding="UTF-8" ?>
<!DOCTYPE mapper PUBLIC "-//mybatis.org//DTD Mapper 3.0//EN" 
	"http://mybatis.org/dtd/mybatis-3-mapper.dtd">

<mapper namespace="com.ssafy.happyhouse.model.mapper.UserMapper">

	<!-- 회원가입 -->
	<insert id="join" parameterType="userDto">
		insert into user(userid, name, password, email, joindate)
		values(#{userid}, #{name}, #{password}, #{email}, now())
	</insert>
	
	<!-- 로그인 -->
	<select id="login" parameterType="userDto" resultType="userDto">
		select userid, name
		from user
		where userid = #{userid} and password = #{password}
	</select>
	
	<!-- 회원수정 -->
	<update id="updateUser" parameterType="String">
		update user
		set password = #{password}
		where userid = #{userid}
	</update>
	
	<!-- 회원정보조회 -->
	<select id="userInfo" parameterType="String" resultType="userDto">
		select *
		from user
		where userid = #{userid}
	</select>
	
	<!-- 회원탈퇴 -->
	<delete id="deleteUser" parameterType="String">
		delete from user
		where userid = #{userid}
	</delete>
	
	<!-- 아이디찾기 -->
	<select id="findId" parameterType="userDto" resultType="userDto">
		select userid
		from user
		where name = #{name} and email = #{email}
	</select>
	
	<!-- 비밀번호찾기 -->
	<select id="findPwd" parameterType="userDto" resultType="userDto">
		select password
		from user
		where userid = #{userid} and email = #{email}
	</select>
	
	<select id="selectUsers" parameterType="userDto" resultType="userDto">
		select *
		from user
	</select>
</mapper>